[
    {
        "case_id": "CR-120-2025",
        "checked_on": "2025-10-15 22:33:43.730005",
        "date_checked_for": "2025-10-16",
        "is_listed": true,
        "serial_no": "15",
        "court_name": "Courtroom 2 \u2013 Hon\u2019ble Justice R. Verma",
        "status": "Listed for Hearing",
        "pdf_url": "https://example.com/sample_case_order.pdf"
    },
    {
        "case_id": "CR-120-2025",
        "checked_on": "2025-10-15 22:33:51.759117",
        "date_checked_for": "2025-10-16",
        "is_listed": true,
        "serial_no": "15",
        "court_name": "Courtroom 2 \u2013 Hon\u2019ble Justice R. Verma",
        "status": "Listed for Hearing",
        "pdf_url": "https://example.com/sample_case_order.pdf"
    }
]