[
    {
        "case_id": "MHAB1234567892023",
        "checked_on": "2025-10-15 21:36:07.963259",
        "date_checked_for": "2025-10-16",
        "is_listed": true,
        "serial_no": "15",
        "court_name": "Courtroom 2 \u2013 Hon\u2019ble Justice R. Verma",
        "status": "Listed for Hearing",
        "pdf_url": "https://example.com/sample_case_order.pdf"
    },
    {
        "case_id": "MHAB1234567892023",
        "checked_on": "2025-10-15 21:39:53.532628",
        "date_checked_for": "2025-10-16",
        "is_listed": true,
        "serial_no": "15",
        "court_name": "Courtroom 2 \u2013 Hon\u2019ble Justice R. Verma",
        "status": "Listed for Hearing",
        "pdf_url": "https://example.com/sample_case_order.pdf"
    },
    {
        "case_id": "CR-120-2025",
        "checked_on": "2025-10-15 21:40:03.989814",
        "date_checked_for": "2025-10-16",
        "is_listed": true,
        "serial_no": "15",
        "court_name": "Courtroom 2 \u2013 Hon\u2019ble Justice R. Verma",
        "status": "Listed for Hearing",
        "pdf_url": "https://example.com/sample_case_order.pdf"
    },
    {
        "case_id": "CR-120-200",
        "checked_on": "2025-10-15 21:43:12.616778",
        "date_checked_for": "2025-10-16",
        "is_listed": true,
        "serial_no": "15",
        "court_name": "Courtroom 2 \u2013 Hon\u2019ble Justice R. Verma",
        "status": "Listed for Hearing",
        "pdf_url": "https://example.com/sample_case_order.pdf"
    },
    {
        "case_id": "CR-120-2025",
        "checked_on": "2025-10-15 22:08:05.835128",
        "date_checked_for": "2025-10-16",
        "is_listed": true,
        "serial_no": "15",
        "court_name": "Courtroom 2 \u2013 Hon\u2019ble Justice R. Verma",
        "status": "Listed for Hearing",
        "pdf_url": "https://example.com/sample_case_order.pdf"
    }
]