[
    {
        "date": "2025-10-15",
        "total_cases": 3,
        "cases": [
            {
                "serial": 1,
                "case": "ABC vs XYZ",
                "court": "Courtroom 1"
            },
            {
                "serial": 2,
                "case": "State vs John",
                "court": "Courtroom 2"
            },
            {
                "serial": 3,
                "case": "Ravi vs Kumar",
                "court": "Courtroom 3"
            }
        ]
    },
    {
        "date": "2025-10-15",
        "total_cases": 3,
        "cases": [
            {
                "serial": 1,
                "case": "ABC vs XYZ",
                "court": "Courtroom 1"
            },
            {
                "serial": 2,
                "case": "State vs John",
                "court": "Courtroom 2"
            },
            {
                "serial": 3,
                "case": "Ravi vs Kumar",
                "court": "Courtroom 3"
            }
        ]
    }
]